ID,Surname,Email,Registration Date,Website
2020,urangel,urangel@espinoza-francis.net,2020-08-26,http://www.escobar.org
08,espinoza,xreese@hall-donovan.com,2020-04-27,https://tyler-pugh.info
26,francis,haleybraun@blevins-sexton.com,2022-03-22,https://www.mack-bell.net
1,net,hohailey@anthony.com,2020-07-02,https://delacruz-freeman.org
04,Callahan,alvaradojesse@rangel-shields.com,2021-01-17,https://welch.info
27,http,briangriffin@chang.org,2021-08-13,https://www.roberts.com
2,www,bauergerald@morrison.com,2020-04-09,http://www.holt.com
3,escobar,changkellie@howell.com,2021-04-02,http://carlson.com
2022,org,mayerjerome@hurst-graham.net,2020-11-26,https://www.glenn-snow.com
03,xreese,kentryan@stone-oneill.com,2021-06-29,http://ruiz.com
22,hall,danielbuckley@hatfield.info,2021-05-02,https://www.newman.com
4,donovan,gabrielaleach@rose.net,2021-04-07,https://www.hoffman-rubio.com
07,com,cartermallory@chung.com,2020-02-28,https://hinton.info
02,https,lweeks@hooper.org,2022-03-03,https://bush-huynh.org
2021,tyler,calhounalisha@hardin.net,2021-03-30,https://barker-bishop.info
01,pugh,ypayne@gaines.biz,2020-08-09,https://figueroa.com
17,info,nwu@brady-chen.com,2021-05-21,http://www.callahan.net
5,Ferrell,harold11@mullen.org,2021-06-02,http://www.mclaughlin-hubbard.net
6,mack,andrewsanders@marks.com,2021-04-17,http://www.myers.com
13,bell,amy99@booker.com,2020-12-30,http://www.larsen-floyd.biz
7,Andersen,basschristian@faulkner.com,2020-01-01,https://chavez.com
09,haleybraun,ldelacruz@spence.com,2021-06-27,https://www.norman.org
8,blevins,hayleyritter@price.net,2020-05-19,http://www.moyer.com
11,sexton,yhebert@hays-rivera.com,2020-01-23,http://young.com
9,delacruz,austinhobbs@briggs.com,2020-09-05,http://huerta-cordova.info
06,freeman,zramos@haney.org,2020-03-06,http://www.allison-clements.com
29,Ponce,shelley82@jarvis.com,2021-06-17,http://www.larsen.org
10,hohailey,sharigriffin@cameron.com,2020-11-15,https://quinn.biz
05,anthony,rpace@huynh.com,2021-03-01,http://www.macdonald-lyons.com
12,alvaradojesse,emullins@simpson-christensen.com,2021-09-02,http://www.guerra-armstrong.com
28,rangel,patricialeach@hernandez.biz,2020-07-06,http://www.barajas-hendrix.com
14,shields,mindy15@fuentes.org,2020-07-15,http://perkins.com
15,welch,jake39@little.com,2022-01-02,https://mckee-hill.net
30,Mccormick,mhudson@hardin.com,2021-03-09,https://www.bray.com
16,roberts,nlane@kane-pennington.com,2022-05-03,https://www.tran.net
21,Lee,savannah10@simpson.com,2021-03-17,https://www.velazquez-wright.com
18,briangriffin,cristian16@hill-beard.com,2021-01-12,https://www.frederick.com
19,chang,jasmineaustin@whitehead.info,2020-01-14,https://www.graves.info
20,Hoffman,samuel97@wyatt.com,2020-10-29,https://www.schmitt.com
23,holt,karlgarrett@fischer.biz,2020-03-02,http://www.nicholson.org
24,bauergerald,biancahenry@hernandez.org,2021-06-11,http://www.gates.net
25,morrison,marisa13@hickman.com,2022-02-12,https://www.gillespie.biz
31,carlson,billymorris@lambert-irwin.com,2020-02-13,http://www.zhang.com
32,changkellie,barry91@howe.info,2020-05-10,https://www.davenport.com
33,howell,kdavies@owen-humphrey.info,2021-01-04,http://www.grimes-summers.com
34,Wiggins,gregghendricks@conner-weiss.info,2020-09-24,http://harris.net
35,Payne,alfredbradford@perry.com,2022-04-17,https://www.delacruz.com
36,glenn,ngilmore@bush.net,2021-12-25,https://www.tyler.com
37,snow,vgilbert@romero.biz,2020-06-23,https://www.long-hickman.com
38,mayerjerome,dgould@graham-winters.com,2021-10-06,https://johns-sharp.com
39,hurst,fsuarez@cooper-montes.biz,2021-10-21,http://mcgrath.org
40,graham,natasha83@delacruz-edwards.com,2020-01-26,https://spencer.com
41,ruiz,mbonilla@hampton.com,2020-01-22,https://www.lindsey.org
42,kentryan,basskaylee@lynn-gill.biz,2021-08-19,https://www.leblanc.com
43,stone,lfaulkner@villanueva.com,2022-05-12,https://giles-newton.com
44,oneill,maystiffany@davidson.com,2022-04-21,https://richmond.com
45,Franco,katie69@romero.net,2020-11-12,https://nolan.com
46,Hawkins,valerie35@olsen.com,2020-10-11,http://www.fernandez-fisher.com
47,newman,ivanhiggins@charles-estrada.com,2021-09-30,https://www.mcneil.com
48,danielbuckley,xcallahan@cantu.com,2021-06-26,https://www.nguyen.com
49,hatfield,melvindrake@friedman-bradley.com,2021-10-22,https://www.cain-allen.com
50,gabrielaleach,carpentergary@vance-weeks.com,2020-09-02,https://www.snow.org
51,rose,duartejohnathan@pennington.com,2020-03-10,https://www.knight.net
52,Shaffer,zbrock@blevins-payne.com,2021-03-15,http://www.rush.biz
53,hoffman,phelpsandres@hartman-cooper.org,2021-10-05,http://www.levine.com
54,rubio,nataliefarley@richardson.com,2021-12-05,http://carrillo.com
55,cartermallory,daisyblair@walsh-holmes.org,2021-09-26,https://www.trevino.info
56,chung,thomasnicholas@blankenship-ford.com,2020-12-05,https://www.wagner.org
57,Moran,hburke@duke-mcmahon.com,2020-03-15,https://www.copeland.org
58,hinton,lonnielittle@hoffman-meadows.com,2020-12-20,http://moyer.com
59,Hammond,qmcdaniel@cruz.net,2021-06-22,https://www.acevedo-macdonald.net
60,lweeks,austinvang@glenn.com,2020-01-12,https://deleon.com
61,hooper,shortfrederick@cobb.net,2022-01-09,https://www.roach.com
62,bush,yolanda69@rosario.com,2020-07-21,http://www.blankenship.com
63,huynh,michaela80@russell.com,2020-02-26,http://www.terrell.com
64,barker,ashley39@garrison.com,2021-09-13,https://www.rodgers.biz
65,bishop,alan50@hobbs.info,2020-05-21,https://valdez-li.org
66,calhounalisha,hsantos@lopez.info,2021-09-29,http://whitehead.info
67,hardin,robbinsgordon@dyer-kim.info,2020-11-02,http://barr-salas.org
68,Blackwell,meghanfernandez@patel-todd.com,2021-09-24,http://schaefer.com
69,ypayne,gabrielarobbins@hawkins-bernard.com,2020-04-30,http://www.benson-keller.com
70,gaines,qlarson@berry.biz,2020-12-12,http://www.potts-conrad.com
71,biz,hmorgan@olson.com,2020-10-13,https://ibarra.com
72,figueroa,charlottemercer@hensley.net,2021-08-17,http://watson-frye.org
73,Newton,escobarisabella@harrell-santiago.info,2020-10-22,https://kirk-skinner.com
74,nwu,jessica36@hart.com,2020-05-27,https://www.mccormick.biz
75,brady,ellen80@bonilla.com,2021-04-25,http://jefferson.com
76,chen,chavezrandall@mckinney-stafford.net,2022-05-16,https://www.anthony.net
77,Archer,gravesgrace@molina.org,2020-09-20,http://wise-mendez.com
78,callahan,hhuerta@morris-case.info,2021-02-11,https://zimmerman.com
79,mullen,ydavid@potter.com,2022-04-14,http://sampson-marshall.biz
80,Griffin,colealexander@turner.biz,2021-03-20,http://www.atkinson-may.com
81,mclaughlin,carpenterkylie@chambers-frost.com,2020-12-24,http://henry.com
82,hubbard,adrian55@gardner-gaines.com,2020-04-22,https://www.gutierrez-lloyd.com
83,myers,bonillaalex@cervantes.org,2021-12-10,http://www.mayer.com
84,Valencia,maureen18@barr.org,2022-05-15,http://mccarty-meza.info
85,andrewsanders,ocole@sanders-lowery.net,2021-07-27,http://www.price.com
86,marks,spencerbright@powell.biz,2021-07-24,https://wall-reid.com
87,Ramsey,dawncoffey@barker.com,2021-12-12,https://newton-esparza.net
88,larsen,anthonyzuniga@tucker.com,2020-06-30,http://moran.com
89,floyd,carrillokenneth@bowman-montoya.com,2020-04-11,https://allison.info
90,booker,mercedes11@floyd-hall.com,2021-07-09,https://bates-christian.biz
91,Meadows,dominguezparker@preston.net,2021-01-24,http://hill.com
92,basschristian,vernonrush@harvey.com,2020-06-24,http://www.hurst-johnston.info
93,faulkner,samantha34@mccarthy.com,2020-01-03,https://hendrix-pittman.biz
94,chavez,joconnor@cooley.com,2020-07-05,https://jones.com
95,Brock,toddmcmahon@beard-lambert.com,2020-12-29,http://hurley.org
96,ldelacruz,veronicablankenship@pace.com,2021-02-06,http://osborne.com
97,spence,swarren@buck-roach.com,2020-08-07,https://frederick.com
98,norman,garymelton@petersen-lam.org,2021-04-10,http://www.lawrence.biz
99,moyer,mathisgloria@house-hamilton.org,2021-07-23,https://silva.com
100,Pope,patrickfelicia@goodwin.org,2020-08-30,https://henson.net
101,hayleyritter,hortonmiguel@mays-rivers.org,2020-05-23,https://morse.org
102,price,preston76@house.com,2020-03-25,https://valencia.com
103,Stanton,moneal@hudson.biz,2022-05-13,http://carpenter-estes.net
104,young,beckyshaw@bradley-booth.com,2021-06-28,http://cortez-cooper.com
105,yhebert,kanthony@osborne.com,2020-05-07,https://www.butler.info
106,hays,alexandraroy@juarez-kane.com,2021-09-12,http://james.org
107,rivera,ckhan@underwood.net,2020-10-04,https://www.chase.info
108,huerta,joe34@salazar.com,2021-12-20,https://www.duffy-coffey.biz
109,cordova,vernon36@browning.info,2020-06-17,http://parrish.com
110,austinhobbs,pammorales@james-benjamin.net,2021-10-28,http://werner.org
111,briggs,paulcastaneda@burke.com,2021-05-25,http://www.archer.com
112,Flynn,sarahpotts@bradford.com,2022-01-15,https://alvarado.com
113,allison,wwhite@perez.com,2020-04-26,https://www.kaufman-ho.com
114,clements,orice@drake.com,2021-07-15,http://tapia-davis.com
115,zramos,damon39@terrell.com,2021-11-27,http://www.drake.com
116,haney,watkinsevan@ward.biz,2022-04-25,https://www.rojas.net
117,Williamson,meredith05@lawrence-shaw.com,2021-11-18,https://hale-montes.com
118,jarvis,lacey04@cross.com,2021-05-18,http://www.nguyen-curry.com
119,Calderon,travisfoley@brandt.com,2021-10-29,https://blake.net
120,sharigriffin,hmccarty@sharp.biz,2021-09-19,https://atkins.com
121,cameron,alisonsanders@durham.com,2021-04-27,https://www.mack.biz
122,quinn,bjordan@small-black.com,2021-08-01,http://www.cordova.com
123,Walton,damonhowe@larsen.org,2020-03-22,https://newman.com
124,rpace,tasha85@wilson.biz,2021-09-17,http://gray.com
125,macdonald,oneilldamon@spencer.com,2021-09-08,http://barr-faulkner.info
126,lyons,weaverclinton@zamora.org,2021-01-23,https://www.walton.biz
127,Mack,xtapia@hensley.info,2020-06-15,https://patel.com
128,Jacobson,fenglish@warner.net,2020-10-12,https://www.wells-simon.info
129,emullins,brendanbarrera@gill-thornton.info,2020-10-31,https://frey.com
130,simpson,peggy95@park.info,2020-08-27,https://www.donaldson-norman.com
131,christensen,kerriray@owen-stone.info,2020-03-31,http://www.singleton.com
132,guerra,nichole45@michael.org,2021-01-31,https://www.thompson.org
133,armstrong,daltonrangel@prince.biz,2021-05-27,http://www.elliott-tyler.org
134,patricialeach,vmyers@novak-delacruz.biz,2022-01-13,https://garner.net
135,hernandez,weavermeagan@sampson.com,2020-09-18,https://fox.biz
136,Harper,hebertdarin@kidd.com,2020-10-19,http://www.small.com
137,barajas,elizabethcopeland@morris-moss.info,2021-02-08,http://bautista.com
138,hendrix,cannonshirley@carson-dorsey.com,2021-07-05,https://www.brock.com
139,fuentes,dana05@hester.net,2021-07-03,http://www.larson.com
140,Mayer,willie99@snyder.com,2020-09-17,http://sloan.info
141,perkins,lunakirsten@zimmerman-salinas.org,2020-08-05,https://howard-crawford.com
142,Owens,marthaguerra@anderson.com,2021-10-12,http://www.campos.org
143,mckee,joanne07@pennington.com,2021-01-25,http://www.huffman.com
144,hill,jerry26@hudson-acevedo.net,2021-03-16,http://curry.com
145,little,katie93@norris.biz,2021-12-16,https://www.whitehead.org
146,bray,gacosta@stephenson-tyler.biz,2020-05-05,http://www.best.com
147,Davies,madisoncarey@spence-beck.info,2020-10-17,https://hinton.com
148,mhudson,kari95@henry.org,2020-11-24,https://weber.net
149,Cruz,tiffany09@perkins.com,2020-11-13,http://wilcox.com
150,nlane,davefarmer@neal-farrell.org,2021-11-24,http://www.walter.info
151,kane,lydiameyers@frederick.com,2020-03-23,http://www.escobar.com
152,pennington,timothyrivera@wade-galloway.net,2020-06-14,https://www.bridges.biz
153,tran,harmonmadison@finley-clarke.net,2020-09-27,https://nash.info
154,Hubbard,vincent58@norton.com,2020-01-29,https://www.mendez-duran.com
155,velazquez,brandibarker@peterson.net,2020-04-10,http://cantu.com
156,wright,lindsayrocha@preston.org,2021-03-10,http://www.orozco.biz
157,frederick,daniel75@hansen.com,2020-11-06,http://mitchell.com
158,beard,eschultz@salas.com,2022-03-17,https://vincent.com
159,Bennett,perry87@nichols.biz,2022-03-24,https://molina.com
160,jasmineaustin,frederickmisty@carpenter-nielsen.net,2020-12-31,http://palmer-chan.org
161,whitehead,jodonnell@oliver.com,2021-09-04,http://www.medina.info
162,graves,ehampton@lopez-brandt.org,2022-01-16,https://www.butler.com
163,Hansen,evansstuart@griffin.org,2021-01-10,http://mata.com
164,Foster,kristina23@carr-arias.com,2020-10-02,https://galvan-lucero.org
165,wyatt,gabriellanorton@robertson.org,2021-08-22,http://www.pena.com
166,schmitt,lonnieguerra@cooke.com,2020-05-17,https://wallace.com
167,karlgarrett,cowandeanna@house.com,2020-10-21,http://frye.com
168,fischer,reginahancock@walker.org,2021-08-04,http://haney.biz
169,nicholson,jasmin18@juarez-richmond.com,2021-09-09,http://lam-villanueva.com
170,Medina,sandy44@thomas.com,2020-08-17,https://bradford.com
171,gates,gravesalisha@harrell.info,2021-02-01,https://www.li.biz
172,biancahenry,bcole@stevens.com,2021-01-28,http://www.bernard-archer.info
173,Santana,jessica41@klein.biz,2021-01-15,http://www.meadows.org
174,hickman,guymorrow@romero-owen.com,2021-05-11,https://www.horne.com
175,Moreno,manuel95@holden-franklin.com,2020-03-01,http://www.maldonado.com
176,gillespie,yreyes@rowe.com,2020-05-03,https://li.com
177,Bush,russorussell@galloway.biz,2021-12-17,https://franklin.com
178,zhang,craigwhitney@carrillo.info,2020-10-26,https://randolph.com
179,billymorris,cwolf@arellano.com,2020-09-10,http://www.wise-horton.com
180,lambert,bweaver@levy.info,2020-02-11,https://www.mccarty.biz
181,irwin,wflynn@andersen.com,2022-01-26,https://www.anderson.com
182,howe,pcannon@choi.com,2021-02-16,http://www.pacheco.com
183,Davenport,luis12@buck.com,2020-03-27,http://flynn-cameron.info
184,davenport,fieldskelly@blackburn.biz,2021-12-29,http://macias-duffy.com
185,kdavies,vwhite@peterson-gould.com,2021-07-13,https://www.lambert-smith.biz
186,owen,cuevasgeorge@navarro-mcmahon.com,2020-10-01,https://mccarthy.com
187,humphrey,breanna32@mayer.net,2021-03-02,https://www.jordan-phelps.org
188,grimes,kwarner@barrera.org,2020-10-09,http://powers-bird.com
189,summers,sharpgreg@rubio-garrison.org,2022-05-10,https://www.stone.com
190,Terry,usloan@harrington.com,2022-03-23,https://www.duncan.org
191,gregghendricks,ariana05@kelly-arellano.com,2020-12-18,http://www.conrad.com
192,conner,edward56@parks.biz,2020-11-08,http://jones.com
193,weiss,gcollier@golden.com,2020-04-12,https://rhodes-hutchinson.org
194,harris,woodsdevin@maldonado.org,2021-10-18,https://www.wheeler-wong.com
195,Esparza,mcbridekylie@mcdowell-christensen.com,2021-01-26,http://johnson.net
196,alfredbradford,rothkerry@atkins-porter.com,2021-12-09,http://www.miranda.info
197,perry,jerrygates@garner.net,2021-04-29,https://burnett.com
198,Richard,jack76@compton.com,2021-11-17,https://www.hunter.com
199,Moore,kaitlinbooth@hurley.com,2020-03-28,https://www.rhodes.biz
200,ngilmore,hillterrance@gamble.info,2021-05-01,http://mccann.com
